time,lat,lon
1970-01-01 00:00:00.000603432,47.1161,39.318756
1970-01-01 00:00:00.000603442,47.116341,39.318981
1970-01-01 00:00:00.000603452,47.11657,39.31916
1970-01-01 00:00:00.000603462,47.116806,39.319374
1970-01-01 00:00:00.000603472,47.117046,39.319626
1970-01-01 00:00:00.000603482,47.117294,39.319874
1970-01-01 00:00:00.000603492,47.117546,39.320137
1970-01-01 00:00:00.000603502,47.11779,39.320366
1970-01-01 00:00:00.000603512,47.118034,39.320595
1970-01-01 00:00:00.000603522,47.118328000000005,39.320892
1970-01-01 00:00:00.000603532,47.118584000000006,39.321167
1970-01-01 00:00:00.000603542,47.118736,39.321308
1970-01-01 00:00:00.000603552,47.118938,39.321545
1970-01-01 00:00:00.000603562,47.11916,39.321758
1970-01-01 00:00:00.000603572,47.119377,39.321972
1970-01-01 00:00:00.000603582,47.119617,39.322201
1970-01-01 00:00:00.000603592,47.119869,39.322426
1970-01-01 00:00:00.000603602,47.120113,39.322662
1970-01-01 00:00:00.000603612,47.120358,39.32288
1970-01-01 00:00:00.000603622,47.120605,39.323105
1970-01-01 00:00:00.000603632,47.120838,39.32333
1970-01-01 00:00:00.000603642,47.121082,39.323559
1970-01-01 00:00:00.000603652,47.121323,39.323776
1970-01-01 00:00:00.000603662,47.121563,39.323997
1970-01-01 00:00:00.000603672,47.121811,39.324203
1970-01-01 00:00:00.000603682,47.122059,39.324398
1970-01-01 00:00:00.000603692,47.122334,39.324654
1970-01-01 00:00:00.000603702,47.122589000000005,39.32489
1970-01-01 00:00:00.000603712,47.122829,39.325142
1970-01-01 00:00:00.000603722,47.123074,39.325363
1970-01-01 00:00:00.000603732,47.123371,39.32563
1970-01-01 00:00:00.000603742,47.123608,39.325836
1970-01-01 00:00:00.000603752,47.123856,39.326057
1970-01-01 00:00:00.000603762,47.124065,39.326302
1970-01-01 00:00:00.000603772,47.124252,39.326607
1970-01-01 00:00:00.000603782,47.124413,39.326889
1970-01-01 00:00:00.000603792,47.124557,39.327175
1970-01-01 00:00:00.000603802,47.124718,39.327484000000005
1970-01-01 00:00:00.000603812,47.124863,39.327801
1970-01-01 00:00:00.000603822,47.125004,39.328136
1970-01-01 00:00:00.000603832,47.12513,39.328472
1970-01-01 00:00:00.000603842,47.125278,39.328831
1970-01-01 00:00:00.000603852,47.125404,39.329113
1970-01-01 00:00:00.000603862,47.125553,39.329468
1970-01-01 00:00:00.000603872,47.125679,39.329853
1970-01-01 00:00:00.000603882,47.125793,39.330219
1970-01-01 00:00:00.000603892,47.125942,39.330593
1970-01-01 00:00:00.000603902,47.126057,39.330959
1970-01-01 00:00:00.000603912,47.126137,39.331352
1970-01-01 00:00:00.000603922,47.126194,39.331741
1970-01-01 00:00:00.000603932,47.126247,39.332157
1970-01-01 00:00:00.000603942,47.126297,39.332504
1970-01-01 00:00:00.000603952,47.126354,39.332878
1970-01-01 00:00:00.000603962,47.126404,39.333290000000005
1970-01-01 00:00:00.000603972,47.126434,39.333633
1970-01-01 00:00:00.000603982,47.126465,39.33403
1970-01-01 00:00:00.000603992,47.126492,39.334419
1970-01-01 00:00:00.000604002,47.126518,39.334808
1970-01-01 00:00:00.000604012,47.126545,39.335205
1970-01-01 00:00:00.000604022,47.126572,39.335602
1970-01-01 00:00:00.000604032,47.126595,39.335999
1970-01-01 00:00:00.000604042,47.126621,39.336399
1970-01-01 00:00:00.000604052,47.126656,39.336845
1970-01-01 00:00:00.000604062,47.126678000000005,39.3372
1970-01-01 00:00:00.000604072,47.126701,39.337601
1970-01-01 00:00:00.000604082,47.126724,39.337997
1970-01-01 00:00:00.000604092,47.126743,39.338394
1970-01-01 00:00:00.000604102,47.126759,39.338791
1970-01-01 00:00:00.000604112,47.126778,39.339184
1970-01-01 00:00:00.000604122,47.126793,39.339588
1970-01-01 00:00:00.000604132,47.126812,39.339993
1970-01-01 00:00:00.000604142,47.126846,39.340389
1970-01-01 00:00:00.000604152,47.126873,39.340790000000005
1970-01-01 00:00:00.000604162,47.126892,39.341232
1970-01-01 00:00:00.000604172,47.126915,39.341576
1970-01-01 00:00:00.000604182,47.12693,39.341976
1970-01-01 00:00:00.000604192,47.126938,39.342438
1970-01-01 00:00:00.000604202,47.126942,39.342808000000005
1970-01-01 00:00:00.000604212,47.126957,39.343216
1970-01-01 00:00:00.000604222,47.126965000000006,39.343655
1970-01-01 00:00:00.000604232,47.126976,39.344013
1970-01-01 00:00:00.000604242,47.127003,39.344429
1970-01-01 00:00:00.000604252,47.127018,39.344799
1970-01-01 00:00:00.000604262,47.127041,39.345234000000005
1970-01-01 00:00:00.000604272,47.127052,39.345638
1970-01-01 00:00:00.000604282,47.127071,39.346127
1970-01-01 00:00:00.000604292,47.127094,39.346535
1970-01-01 00:00:00.000604302,47.12711,39.346901
1970-01-01 00:00:00.000604312,47.127129,39.347328000000005
1970-01-01 00:00:00.000604322,47.127159000000006,39.347797
1970-01-01 00:00:00.000604332,47.127129,39.348103
1970-01-01 00:00:00.000604342,47.127132,39.348495
1970-01-01 00:00:00.000604352,47.127155,39.34898
1970-01-01 00:00:00.000604362,47.127178,39.349415
1970-01-01 00:00:00.000604372,47.127197,39.349854
1970-01-01 00:00:00.000604382,47.127228,39.350269
1970-01-01 00:00:00.000604392,47.127266,39.350731
1970-01-01 00:00:00.000604402,47.127289000000005,39.351078
1970-01-01 00:00:00.000604412,47.127316,39.351486
1970-01-01 00:00:00.000604422,47.127365000000005,39.351963
1970-01-01 00:00:00.000604432,47.127407,39.352425
1970-01-01 00:00:00.000604442,47.127445,39.352871
1970-01-01 00:00:00.000604452,47.12748,39.353283000000005
1970-01-01 00:00:00.000604462,47.12751,39.353703
1970-01-01 00:00:00.000604472,47.127533,39.354103
1970-01-01 00:00:00.000604482,47.127567,39.354515
1970-01-01 00:00:00.000604492,47.127598,39.354969
1970-01-01 00:00:00.000604502,47.127628,39.355347
1970-01-01 00:00:00.000604512,47.127659,39.355793
1970-01-01 00:00:00.000604522,47.127686,39.356159000000005
1970-01-01 00:00:00.000604532,47.127716,39.356567
1970-01-01 00:00:00.000604542,47.127743,39.356983
1970-01-01 00:00:00.000604552,47.127777,39.357456
1970-01-01 00:00:00.000604562,47.127819,39.357822
1970-01-01 00:00:00.000604572,47.127895,39.358299
1970-01-01 00:00:00.000604582,47.127964,39.358715
1970-01-01 00:00:00.000604592,47.128059,39.35915
1970-01-01 00:00:00.000604602,47.128128,39.359516
1970-01-01 00:00:00.000604612,47.128201,39.359959
1970-01-01 00:00:00.000604622,47.128242,39.360317
1970-01-01 00:00:00.000604632,47.128304,39.360699
1970-01-01 00:00:00.000604642,47.128376,39.361122
1970-01-01 00:00:00.000604652,47.12846,39.361469
1970-01-01 00:00:00.000604662,47.128586,39.361904
1970-01-01 00:00:00.000604672,47.128685,39.362225
1970-01-01 00:00:00.000604682,47.128799,39.362606
1970-01-01 00:00:00.000604692,47.128929,39.363026
1970-01-01 00:00:00.000604702,47.129047,39.363392
1970-01-01 00:00:00.000604712,47.129143,39.36372
1970-01-01 00:00:00.000604722,47.129257,39.364105
1970-01-01 00:00:00.000604732,47.129375,39.364487
1970-01-01 00:00:00.000604742,47.129494,39.364841
1970-01-01 00:00:00.000604752,47.129627,39.365269
1970-01-01 00:00:00.000604762,47.129757,39.365658
1970-01-01 00:00:00.000604772,47.129871,39.365982
1970-01-01 00:00:00.000604782,47.130028,39.366398
1970-01-01 00:00:00.000604792,47.130127,39.366714
1970-01-01 00:00:00.000604802,47.130241,39.3671
1970-01-01 00:00:00.000604812,47.130375,39.367508
1970-01-01 00:00:00.000604822,47.130501,39.367882
1970-01-01 00:00:00.000604832,47.130615,39.368217
1970-01-01 00:00:00.000604842,47.130722,39.368618
1970-01-01 00:00:00.000604852,47.13081,39.368996
1970-01-01 00:00:00.000604862,47.130886,39.369385
1970-01-01 00:00:00.000604872,47.130959,39.369781
1970-01-01 00:00:00.000604882,47.131023,39.370167
1970-01-01 00:00:00.000604892,47.131088,39.370522
1970-01-01 00:00:00.000604902,47.131168,39.37093
1970-01-01 00:00:00.000604912,47.131245,39.371376
1970-01-01 00:00:00.000604922,47.131283,39.371819
1970-01-01 00:00:00.000604932,47.131317,39.372231
1970-01-01 00:00:00.000604942,47.131317,39.372616
1970-01-01 00:00:00.000604952,47.131279,39.37299
1970-01-01 00:00:00.000604962,47.131233,39.373352
1970-01-01 00:00:00.000604972,47.131187,39.373695
1970-01-01 00:00:00.000604982,47.131126,39.374111
1970-01-01 00:00:00.000604992,47.131077000000005,39.374409
1970-01-01 00:00:00.000605002,47.130981,39.374744
1970-01-01 00:00:00.000605012,47.13084,39.375076
1970-01-01 00:00:00.000605022,47.130718,39.375347
1970-01-01 00:00:00.000605032,47.130596,39.375645
1970-01-01 00:00:00.000605042,47.130455,39.375984
1970-01-01 00:00:00.000605052,47.130329,39.376305
1970-01-01 00:00:00.000605062,47.130199,39.376621
1970-01-01 00:00:00.000605072,47.130066,39.376915
1970-01-01 00:00:00.000605082,47.129929,39.377228
1970-01-01 00:00:00.000605092,47.129795,39.377541
1970-01-01 00:00:00.000605102,47.129673,39.377861
1970-01-01 00:00:00.000605112,47.129501,39.378227
1970-01-01 00:00:00.000605122,47.129349,39.378551
1970-01-01 00:00:00.000605132,47.129192,39.378872
1970-01-01 00:00:00.000605142,47.12904,39.379192
1970-01-01 00:00:00.000605152,47.128895,39.379471
1970-01-01 00:00:00.000605162,47.128731,39.379787
1970-01-01 00:00:00.000605172,47.128574,39.380131
1970-01-01 00:00:00.000605182,47.128441,39.380428
1970-01-01 00:00:00.000605192,47.128284,39.380741
1970-01-01 00:00:00.000605202,47.128105,39.381104
1970-01-01 00:00:00.000605212,47.12796,39.381409000000005
1970-01-01 00:00:00.000605222,47.127804,39.381744
1970-01-01 00:00:00.000605232,47.127636,39.382114
1970-01-01 00:00:00.000605242,47.127472,39.382454
1970-01-01 00:00:00.000605252,47.127296,39.382805
1970-01-01 00:00:00.000605262,47.12711,39.383175
1970-01-01 00:00:00.000605272,47.126976,39.383492
1970-01-01 00:00:00.000605282,47.126812,39.383881
1970-01-01 00:00:00.000605292,47.126675,39.38419
1970-01-01 00:00:00.000605302,47.126507,39.384541
1970-01-01 00:00:00.000605312,47.126328,39.384926
1970-01-01 00:00:00.000605322,47.126152000000005,39.385269
1970-01-01 00:00:00.000605332,47.125996,39.385571
1970-01-01 00:00:00.000605342,47.125835,39.385895
1970-01-01 00:00:00.000605352,47.125664,39.38625
1970-01-01 00:00:00.000605362,47.125515,39.38652
1970-01-01 00:00:00.000605372,47.125332,39.386856
1970-01-01 00:00:00.000605382,47.125168,39.387161
1970-01-01 00:00:00.000605392,47.125027,39.387444
1970-01-01 00:00:00.000605402,47.124866,39.387791
1970-01-01 00:00:00.000605412,47.124733,39.388107
1970-01-01 00:00:00.000605422,47.124599,39.388439
1970-01-01 00:00:00.000605432,47.12447,39.388763
1970-01-01 00:00:00.000605442,47.124336,39.389069
1970-01-01 00:00:00.000605452,47.124214,39.389336
1970-01-01 00:00:00.000605462,47.124065,39.389671
1970-01-01 00:00:00.000605472,47.123955,39.389961
1970-01-01 00:00:00.000605482,47.123833000000005,39.390274
1970-01-01 00:00:00.000605492,47.123714,39.390594
1970-01-01 00:00:00.000605502,47.123604,39.390911
1970-01-01 00:00:00.000605512,47.123505,39.39119
1970-01-01 00:00:00.000605522,47.123375,39.391541
1970-01-01 00:00:00.000605532,47.123257,39.391853000000005
1970-01-01 00:00:00.000605542,47.123135,39.39217
1970-01-01 00:00:00.000605552,47.123024,39.392479
1970-01-01 00:00:00.000605562,47.122917,39.392796
1970-01-01 00:00:00.000605572,47.122818,39.393116
1970-01-01 00:00:00.000605582,47.122715,39.393429
1970-01-01 00:00:00.000605592,47.122616,39.393738
1970-01-01 00:00:00.000605602,47.122509,39.394047
1970-01-01 00:00:00.000605612,47.122398,39.394356
1970-01-01 00:00:00.000605622,47.122295,39.394665
1970-01-01 00:00:00.000605632,47.1222,39.39497
1970-01-01 00:00:00.000605642,47.122101,39.395275
1970-01-01 00:00:00.000605652,47.122002,39.39558
1970-01-01 00:00:00.000605662,47.121906,39.395882
1970-01-01 00:00:00.000605672,47.121822,39.396198
1970-01-01 00:00:00.000605682,47.121758,39.396492
1970-01-01 00:00:00.000605692,47.1217,39.396809000000005
1970-01-01 00:00:00.000605702,47.121655,39.397129
1970-01-01 00:00:00.000605712,47.121590000000005,39.397465
1970-01-01 00:00:00.000605722,47.121536,39.397797
1970-01-01 00:00:00.000605732,47.12146,39.398151
1970-01-01 00:00:00.000605742,47.121399,39.398499
1970-01-01 00:00:00.000605752,47.12133,39.398838
1970-01-01 00:00:00.000605762,47.121288,39.399162
1970-01-01 00:00:00.000605772,47.121246,39.399498
1970-01-01 00:00:00.000605782,47.121223,39.399796
1970-01-01 00:00:00.000605792,47.121178,39.400097
1970-01-01 00:00:00.000605802,47.12114,39.400391
1970-01-01 00:00:00.000605812,47.121075,39.400719
1970-01-01 00:00:00.000605822,47.121002,39.401062
1970-01-01 00:00:00.000605832,47.120949,39.401394
1970-01-01 00:00:00.000605842,47.120903000000006,39.401737
1970-01-01 00:00:00.000605852,47.12085,39.402073
1970-01-01 00:00:00.000605862,47.120792,39.402405
1970-01-01 00:00:00.000605872,47.120762,39.402718
1970-01-01 00:00:00.000605882,47.120712,39.403046
1970-01-01 00:00:00.000605892,47.120686,39.403332
1970-01-01 00:00:00.000605902,47.120621,39.403652
1970-01-01 00:00:00.000605912,47.120602000000005,39.403965
1970-01-01 00:00:00.000605922,47.120605,39.40427
1970-01-01 00:00:00.000605932,47.120598,39.404602
1970-01-01 00:00:00.000605942,47.12059,39.404934
1970-01-01 00:00:00.000605952,47.120564,39.405293
1970-01-01 00:00:00.000605962,47.120552,39.405632
1970-01-01 00:00:00.000605972,47.120525,39.405964
1970-01-01 00:00:00.000605982,47.12051,39.406281
1970-01-01 00:00:00.000605992,47.120502,39.406605
1970-01-01 00:00:00.000606002,47.120491,39.406925
1970-01-01 00:00:00.000606012,47.120476,39.407246
1970-01-01 00:00:00.000606022,47.120464,39.407581
1970-01-01 00:00:00.000606032,47.120461,39.407921
1970-01-01 00:00:00.000606042,47.120457,39.40826
1970-01-01 00:00:00.000606052,47.120461,39.408585
1970-01-01 00:00:00.000606062,47.120461,39.408901
1970-01-01 00:00:00.000606072,47.120457,39.409229
1970-01-01 00:00:00.000606082,47.120453000000005,39.409561
1970-01-01 00:00:00.000606092,47.120441,39.409893
1970-01-01 00:00:00.000606102,47.12043,39.410225
1970-01-01 00:00:00.000606112,47.120426,39.410549
1970-01-01 00:00:00.000606122,47.120422,39.41087
1970-01-01 00:00:00.000606132,47.120419,39.411205
1970-01-01 00:00:00.000606142,47.120411,39.41153
1970-01-01 00:00:00.000606152,47.120411,39.411793
1970-01-01 00:00:00.000606162,47.120403,39.412045
1970-01-01 00:00:00.000606172,47.120415,39.412327000000005
1970-01-01 00:00:00.000606182,47.120407,39.41272
1970-01-01 00:00:00.000606192,47.120415,39.413082
1970-01-01 00:00:00.000606202,47.12043,39.413429
1970-01-01 00:00:00.000606212,47.120426,39.413773
1970-01-01 00:00:00.000606222,47.120441,39.414135
1970-01-01 00:00:00.000606232,47.120457,39.414474
1970-01-01 00:00:00.000606242,47.120461,39.414787
1970-01-01 00:00:00.000606252,47.120445,39.415123
1970-01-01 00:00:00.000606262,47.120415,39.415451
1970-01-01 00:00:00.000606272,47.120392,39.415771
1970-01-01 00:00:00.000606282,47.120377000000005,39.416096
1970-01-01 00:00:00.000606292,47.120361,39.416431
1970-01-01 00:00:00.000606302,47.120338,39.416771
1970-01-01 00:00:00.000606312,47.120304,39.417103
1970-01-01 00:00:00.000606322,47.12027,39.417439
1970-01-01 00:00:00.000606332,47.120235,39.41777
1970-01-01 00:00:00.000606342,47.120201,39.41811
1970-01-01 00:00:00.000606352,47.120167,39.418461
1970-01-01 00:00:00.000606362,47.120136,39.418789
1970-01-01 00:00:00.000606372,47.12011,39.419125
1970-01-01 00:00:00.000606382,47.120071,39.41946
1970-01-01 00:00:00.000606392,47.120037,39.419796000000005
1970-01-01 00:00:00.000606402,47.119991,39.420124
1970-01-01 00:00:00.000606412,47.119972,39.42046
1970-01-01 00:00:00.000606422,47.119949,39.420788
1970-01-01 00:00:00.000606432,47.119926,39.421127
1970-01-01 00:00:00.000606442,47.1199,39.421467
1970-01-01 00:00:00.000606452,47.119873,39.421814000000005
1970-01-01 00:00:00.000606462,47.119846,39.422161
1970-01-01 00:00:00.000606472,47.119808,39.422535
1970-01-01 00:00:00.000606482,47.119762,39.422913
1970-01-01 00:00:00.000606492,47.11972,39.423306
1970-01-01 00:00:00.000606502,47.119686,39.423725
1970-01-01 00:00:00.000606512,47.119671,39.424149
1970-01-01 00:00:00.000606522,47.119652,39.424576
1970-01-01 00:00:00.000606532,47.119637,39.425011
1970-01-01 00:00:00.000606542,47.119606,39.425457
1970-01-01 00:00:00.000606552,47.119583,39.425915
1970-01-01 00:00:00.000606562,47.119568,39.426373
1970-01-01 00:00:00.000606572,47.119553,39.426823
1970-01-01 00:00:00.000606582,47.119553,39.427292
1970-01-01 00:00:00.000606592,47.119537,39.42775
1970-01-01 00:00:00.000606602,47.119522,39.428204
1970-01-01 00:00:00.000606612,47.119511,39.428665
1970-01-01 00:00:00.000606622,47.119499,39.429115
1970-01-01 00:00:00.000606632,47.119473,39.429569
1970-01-01 00:00:00.000606642,47.119438,39.430027
1970-01-01 00:00:00.000606652,47.119396,39.430496000000005
1970-01-01 00:00:00.000606662,47.119373,39.430988
1970-01-01 00:00:00.000606672,47.119366,39.431454
1970-01-01 00:00:00.000606682,47.119389,39.431915
1970-01-01 00:00:00.000606692,47.119453,39.432358
1970-01-01 00:00:00.000606702,47.119534,39.432796
1970-01-01 00:00:00.000606712,47.119614,39.43325
1970-01-01 00:00:00.000606722,47.119682,39.433716
1970-01-01 00:00:00.000606732,47.119751,39.434174
1970-01-01 00:00:00.000606742,47.119827,39.434639
1970-01-01 00:00:00.000606752,47.119907,39.435101
1970-01-01 00:00:00.000606762,47.120003,39.435558
1970-01-01 00:00:00.000606772,47.120102,39.435970000000005
1970-01-01 00:00:00.000606782,47.120232,39.436398
1970-01-01 00:00:00.000606792,47.120392,39.43684
1970-01-01 00:00:00.000606802,47.120556,39.437241
1970-01-01 00:00:00.000606812,47.120731,39.43763
1970-01-01 00:00:00.000606822,47.120914,39.438023
1970-01-01 00:00:00.000606832,47.12109,39.438408
1970-01-01 00:00:00.000606842,47.121262,39.438793
1970-01-01 00:00:00.000606852,47.121445,39.439167
1970-01-01 00:00:00.000606862,47.121643,39.439529
1970-01-01 00:00:00.000606872,47.121853,39.439877
1970-01-01 00:00:00.000606882,47.122063,39.440224
1970-01-01 00:00:00.000606892,47.122276,39.440575
1970-01-01 00:00:00.000606902,47.122494,39.440929
1970-01-01 00:00:00.000606912,47.122719,39.441277
1970-01-01 00:00:00.000606922,47.12294,39.441635
1970-01-01 00:00:00.000606932,47.123161,39.442009000000006
1970-01-01 00:00:00.000606942,47.123386,39.442371
1970-01-01 00:00:00.000606952,47.123611,39.442707
1970-01-01 00:00:00.000606962,47.123837,39.443039
1970-01-01 00:00:00.000606972,47.124062,39.443371
1970-01-01 00:00:00.000606982,47.124287,39.443703
1970-01-01 00:00:00.000606992,47.124516,39.444035
1970-01-01 00:00:00.000607002,47.124744,39.444363
1970-01-01 00:00:00.000607012,47.124969,39.444695
1970-01-01 00:00:00.000607022,47.125195,39.44503
1970-01-01 00:00:00.000607032,47.125397,39.445328
1970-01-01 00:00:00.000607042,47.125645,39.445679
1970-01-01 00:00:00.000607052,47.125866,39.445992
1970-01-01 00:00:00.000607062,47.126099,39.446304
1970-01-01 00:00:00.000607072,47.126293,39.446629
1970-01-01 00:00:00.000607082,47.126476,39.446953
1970-01-01 00:00:00.000607092,47.126667,39.447289000000005
1970-01-01 00:00:00.000607102,47.126865,39.447632
1970-01-01 00:00:00.000607112,47.127068,39.447983
1970-01-01 00:00:00.000607122,47.127266,39.44833
1970-01-01 00:00:00.000607132,47.127457,39.448681
1970-01-01 00:00:00.000607142,47.127651,39.449024
1970-01-01 00:00:00.000607152,47.127853,39.449368
1970-01-01 00:00:00.000607162,47.128071000000006,39.449711
1970-01-01 00:00:00.000607172,47.128269,39.450043
1970-01-01 00:00:00.000607182,47.128429,39.450413
1970-01-01 00:00:00.000607192,47.128571,39.450787
1970-01-01 00:00:00.000607202,47.128689,39.451191
1970-01-01 00:00:00.000607212,47.128799,39.451595000000005
1970-01-01 00:00:00.000607222,47.128887,39.452019
1970-01-01 00:00:00.000607232,47.12896,39.452461
1970-01-01 00:00:00.000607242,47.129013,39.452908
1970-01-01 00:00:00.000607252,47.129078,39.453342
1970-01-01 00:00:00.000607262,47.129131,39.453777
1970-01-01 00:00:00.000607272,47.129196,39.454166
1970-01-01 00:00:00.000607282,47.129295,39.454632
1970-01-01 00:00:00.000607292,47.129379,39.455055
1970-01-01 00:00:00.000607302,47.129429,39.455482
1970-01-01 00:00:00.000607312,47.129425,39.455914
1970-01-01 00:00:00.000607322,47.129379,39.456348
1970-01-01 00:00:00.000607332,47.129311,39.456783
1970-01-01 00:00:00.000607342,47.129227,39.457214
1970-01-01 00:00:00.000607352,47.129135,39.457638
1970-01-01 00:00:00.000607362,47.129025,39.458057
1970-01-01 00:00:00.000607372,47.128895,39.458473
1970-01-01 00:00:00.000607382,47.128742,39.458870000000005
1970-01-01 00:00:00.000607392,47.128563,39.459248
1970-01-01 00:00:00.000607402,47.128376,39.459621000000006
1970-01-01 00:00:00.000607412,47.128174,39.459999
1970-01-01 00:00:00.000607422,47.127968,39.460373
1970-01-01 00:00:00.000607432,47.12775,39.460747
1970-01-01 00:00:00.000607442,47.12751,39.461098
1970-01-01 00:00:00.000607452,47.127262,39.461422
1970-01-01 00:00:00.000607462,47.126991,39.46175
1970-01-01 00:00:00.000607472,47.126701,39.462063
1970-01-01 00:00:00.000607482,47.126396,39.462379
1970-01-01 00:00:00.000607492,47.126102,39.462673
1970-01-01 00:00:00.000607502,47.125793,39.462955
1970-01-01 00:00:00.000607512,47.125469,39.463223
1970-01-01 00:00:00.000607522,47.125145,39.463463
1970-01-01 00:00:00.000607532,47.124809,39.463703
1970-01-01 00:00:00.000607542,47.12447,39.46394
1970-01-01 00:00:00.000607552,47.12413,39.464176
1970-01-01 00:00:00.000607562,47.123779,39.464405
1970-01-01 00:00:00.000607572,47.123428,39.464645
1970-01-01 00:00:00.000607582,47.123077,39.464863
1970-01-01 00:00:00.000607592,47.122719,39.465076
1970-01-01 00:00:00.000607602,47.122353,39.465294
1970-01-01 00:00:00.000607612,47.121983,39.46553
1970-01-01 00:00:00.000607622,47.121613,39.465763
1970-01-01 00:00:00.000607632,47.121254,39.466
1970-01-01 00:00:00.000607642,47.120899,39.466236
1970-01-01 00:00:00.000607652,47.120537,39.466484
1970-01-01 00:00:00.000607662,47.120171,39.466709
1970-01-01 00:00:00.000607672,47.119804,39.466946
1970-01-01 00:00:00.000607682,47.119438,39.467194
1970-01-01 00:00:00.000607692,47.119083,39.467449
1970-01-01 00:00:00.000607702,47.118721,39.467705
1970-01-01 00:00:00.000607712,47.118366,39.467972
1970-01-01 00:00:00.000607722,47.118027000000005,39.468239
1970-01-01 00:00:00.000607732,47.117695,39.468533
1970-01-01 00:00:00.000607742,47.11739,39.468792
1970-01-01 00:00:00.000607752,47.117016,39.469135
1970-01-01 00:00:00.000607762,47.116665000000005,39.469448
1970-01-01 00:00:00.000607772,47.116329,39.469765
1970-01-01 00:00:00.000607782,47.116039,39.470142
1970-01-01 00:00:00.000607792,47.115807,39.470558
1970-01-01 00:00:00.000607802,47.115601,39.471004
1970-01-01 00:00:00.000607812,47.115391,39.471458
1970-01-01 00:00:00.000607822,47.115196000000005,39.471905
1970-01-01 00:00:00.000607832,47.115086,39.472385
1970-01-01 00:00:00.000607842,47.115013,39.472874
1970-01-01 00:00:00.000607852,47.114994,39.473366
1970-01-01 00:00:00.000607862,47.114998,39.473866
1970-01-01 00:00:00.000607872,47.115013,39.474373
1970-01-01 00:00:00.000607882,47.115002,39.474888
1970-01-01 00:00:00.000607892,47.115005,39.475418
1970-01-01 00:00:00.000607902,47.115032,39.475925
1970-01-01 00:00:00.000607912,47.115089000000005,39.476456
1970-01-01 00:00:00.000607922,47.115158,39.477005
1970-01-01 00:00:00.000607932,47.115223,39.477531
1970-01-01 00:00:00.000607942,47.115303,39.478065
1970-01-01 00:00:00.000607952,47.11541,39.478577
1970-01-01 00:00:00.000607962,47.115536,39.479092
1970-01-01 00:00:00.000607972,47.115654,39.479603
1970-01-01 00:00:00.000607982,47.115807,39.480068
1970-01-01 00:00:00.000607992,47.115986,39.480518
1970-01-01 00:00:00.000608002,47.116184,39.480942
1970-01-01 00:00:00.000608012,47.116405,39.481342
1970-01-01 00:00:00.000608022,47.116661,39.481716
1970-01-01 00:00:00.000608032,47.116898,39.482018
1970-01-01 00:00:00.000608042,47.117203,39.482357
1970-01-01 00:00:00.000608052,47.117489,39.482685
1970-01-01 00:00:00.000608062,47.117775,39.482986
1970-01-01 00:00:00.000608072,47.118073,39.48328
1970-01-01 00:00:00.000608082,47.118359000000005,39.48357
1970-01-01 00:00:00.000608092,47.118652,39.483849
1970-01-01 00:00:00.000608102,47.118958,39.484039
1970-01-01 00:00:00.000608112,47.119267,39.484158
1970-01-01 00:00:00.000608122,47.119576,39.484249
1970-01-01 00:00:00.000608132,47.119884000000006,39.484291
1970-01-01 00:00:00.000608142,47.120197,39.484306
1970-01-01 00:00:00.000608152,47.12051,39.484333
1970-01-01 00:00:00.000608162,47.120831,39.484348
1970-01-01 00:00:00.000608172,47.121143,39.484337
1970-01-01 00:00:00.000608182,47.121456,39.484291
1970-01-01 00:00:00.000608192,47.121773,39.484245
1970-01-01 00:00:00.000608202,47.122097,39.484192
1970-01-01 00:00:00.000608212,47.122429,39.484138
1970-01-01 00:00:00.000608222,47.122757,39.484077
1970-01-01 00:00:00.000608232,47.123093,39.484009
1970-01-01 00:00:00.000608242,47.123428,39.483936
1970-01-01 00:00:00.000608252,47.12376,39.483868
1970-01-01 00:00:00.000608262,47.124092,39.483795
1970-01-01 00:00:00.000608272,47.124428,39.483711
1970-01-01 00:00:00.000608282,47.124771,39.483627
1970-01-01 00:00:00.000608292,47.125111,39.483540000000005
1970-01-01 00:00:00.000608302,47.125454,39.483471
1970-01-01 00:00:00.000608312,47.125797,39.483414
1970-01-01 00:00:00.000608322,47.126137,39.483372
1970-01-01 00:00:00.000608332,47.126488,39.483311
1970-01-01 00:00:00.000608342,47.126842,39.483253000000005
1970-01-01 00:00:00.000608352,47.127205,39.483185
1970-01-01 00:00:00.000608362,47.127567,39.483097
1970-01-01 00:00:00.000608372,47.12793,39.483017
1970-01-01 00:00:00.000608382,47.128292,39.482952
1970-01-01 00:00:00.000608392,47.128654,39.482887
1970-01-01 00:00:00.000608402,47.129017,39.482815
1970-01-01 00:00:00.000608412,47.129375,39.482746
1970-01-01 00:00:00.000608422,47.129734,39.482689
1970-01-01 00:00:00.000608432,47.130093,39.482628000000005
1970-01-01 00:00:00.000608442,47.130451,39.482574
1970-01-01 00:00:00.000608452,47.130817,39.482521000000006
1970-01-01 00:00:00.000608462,47.131172,39.48246
1970-01-01 00:00:00.000608472,47.131516,39.482407
1970-01-01 00:00:00.000608482,47.131855,39.482346
1970-01-01 00:00:00.000608492,47.132233,39.482262
1970-01-01 00:00:00.000608502,47.132584,39.482174
1970-01-01 00:00:00.000608512,47.132923,39.482105
1970-01-01 00:00:00.000608522,47.133263,39.482044
1970-01-01 00:00:00.000608532,47.133602,39.481987
1970-01-01 00:00:00.000608542,47.133945,39.481953
1970-01-01 00:00:00.000608552,47.134293,39.481911
1970-01-01 00:00:00.000608562,47.134628,39.481846
1970-01-01 00:00:00.000608572,47.134964,39.481773
1970-01-01 00:00:00.000608582,47.135296,39.481701
1970-01-01 00:00:00.000608592,47.135651,39.481678
1970-01-01 00:00:00.000608602,47.135986,39.481689
1970-01-01 00:00:00.000608612,47.136326,39.481724
1970-01-01 00:00:00.000608622,47.136658,39.481754
1970-01-01 00:00:00.000608632,47.136993,39.481781
1970-01-01 00:00:00.000608642,47.137329,39.481812
1970-01-01 00:00:00.000608652,47.137653,39.481827
1970-01-01 00:00:00.000608662,47.137985,39.481819
1970-01-01 00:00:00.000608672,47.138325,39.481861
1970-01-01 00:00:00.000608682,47.138649,39.481945
1970-01-01 00:00:00.000608692,47.138973,39.482044
1970-01-01 00:00:00.000608702,47.139294,39.48214
1970-01-01 00:00:00.000608712,47.139614,39.48225
1970-01-01 00:00:00.000608722,47.139942,39.482361
1970-01-01 00:00:00.000608732,47.140266,39.482471
1970-01-01 00:00:00.000608742,47.140591,39.482571
1970-01-01 00:00:00.000608752,47.140907,39.482677
1970-01-01 00:00:00.000608762,47.141212,39.482796
1970-01-01 00:00:00.000608772,47.141502,39.482975
1970-01-01 00:00:00.000608782,47.141815,39.483124
1970-01-01 00:00:00.000608792,47.14212,39.483234
1970-01-01 00:00:00.000608802,47.142426,39.483345
1970-01-01 00:00:00.000608812,47.142731,39.483482
1970-01-01 00:00:00.000608822,47.143032,39.483574
1970-01-01 00:00:00.000608832,47.143333,39.483646
1970-01-01 00:00:00.000608842,47.143593,39.483734000000005
1970-01-01 00:00:00.000608852,47.143913,39.483871
1970-01-01 00:00:00.000608862,47.144215,39.483986
1970-01-01 00:00:00.000608872,47.144524,39.484108
1970-01-01 00:00:00.000608882,47.144825,39.484245
1970-01-01 00:00:00.000608892,47.14513,39.484379
1970-01-01 00:00:00.000608902,47.145424,39.484539
1970-01-01 00:00:00.000608912,47.145714,39.48473
1970-01-01 00:00:00.000608922,47.14603,39.484924
1970-01-01 00:00:00.000608932,47.146358,39.485184
1970-01-01 00:00:00.000608942,47.146645,39.485363
1970-01-01 00:00:00.000608952,47.146908,39.485622
1970-01-01 00:00:00.000608962,47.147137,39.485912
1970-01-01 00:00:00.000608972,47.147354,39.486217
1970-01-01 00:00:00.000608982,47.147545,39.486584
1970-01-01 00:00:00.000608992,47.14769,39.486977
1970-01-01 00:00:00.000609002,47.147835,39.487377
1970-01-01 00:00:00.000609012,47.147957,39.487785
1970-01-01 00:00:00.000609022,47.14809,39.488224
1970-01-01 00:00:00.000609032,47.14822,39.488663
1970-01-01 00:00:00.000609042,47.148335,39.489109
1970-01-01 00:00:00.000609052,47.148403,39.489559
1970-01-01 00:00:00.000609062,47.148445,39.490032
1970-01-01 00:00:00.000609072,47.148457,39.490498
1970-01-01 00:00:00.000609082,47.148449,39.490959
1970-01-01 00:00:00.000609092,47.148422,39.491421
1970-01-01 00:00:00.000609102,47.148388,39.491875
1970-01-01 00:00:00.000609112,47.14835,39.492348
1970-01-01 00:00:00.000609122,47.148319,39.492828
1970-01-01 00:00:00.000609132,47.148293,39.493309
1970-01-01 00:00:00.000609142,47.148258,39.493793
1970-01-01 00:00:00.000609152,47.148209,39.494274
1970-01-01 00:00:00.000609162,47.148106,39.494724
1970-01-01 00:00:00.000609172,47.147999,39.495167
1970-01-01 00:00:00.000609182,47.147888,39.495621
1970-01-01 00:00:00.000609192,47.147781,39.496075
1970-01-01 00:00:00.000609202,47.147667,39.496536
1970-01-01 00:00:00.000609212,47.147556,39.497005
1970-01-01 00:00:00.000609222,47.147442,39.49749
1970-01-01 00:00:00.000609232,47.147327,39.497959
1970-01-01 00:00:00.000609242,47.147221,39.498459
1970-01-01 00:00:00.000609252,47.147118,39.498981
1970-01-01 00:00:00.000609262,47.146996,39.499454
1970-01-01 00:00:00.000609272,47.146873,39.499912
1970-01-01 00:00:00.000609282,47.146748,39.500423
1970-01-01 00:00:00.000609292,47.146622,39.500874
1970-01-01 00:00:00.000609302,47.146503,39.501301
1970-01-01 00:00:00.000609312,47.146370000000005,39.50177
1970-01-01 00:00:00.000609322,47.146225,39.502243
1970-01-01 00:00:00.000609332,47.14608,39.502701
1970-01-01 00:00:00.000609342,47.145947,39.503136
1970-01-01 00:00:00.000609352,47.145817,39.503597
1970-01-01 00:00:00.000609362,47.145679,39.504105
1970-01-01 00:00:00.000609372,47.145538,39.504631
1970-01-01 00:00:00.000609382,47.145432,39.505219
1970-01-01 00:00:00.000609392,47.145298,39.505711
1970-01-01 00:00:00.000609402,47.145164,39.506187
1970-01-01 00:00:00.000609412,47.145023,39.506653
1970-01-01 00:00:00.000609422,47.14489,39.507225
1970-01-01 00:00:00.000609432,47.144753,39.507706
1970-01-01 00:00:00.000609442,47.144608000000005,39.508194
1970-01-01 00:00:00.000609452,47.144474,39.508713
1970-01-01 00:00:00.000609462,47.144341,39.509228
1970-01-01 00:00:00.000609472,47.144157,39.509727000000005
1970-01-01 00:00:00.000609482,47.143997,39.510307
1970-01-01 00:00:00.000609492,47.143856,39.51088
1970-01-01 00:00:00.000609502,47.143723,39.511402
1970-01-01 00:00:00.000609512,47.143589,39.51189
1970-01-01 00:00:00.000609522,47.143463,39.512348
1970-01-01 00:00:00.000609532,47.143345,39.512783
1970-01-01 00:00:00.000609542,47.143215000000005,39.513313
1970-01-01 00:00:00.000609552,47.143085,39.513798
1970-01-01 00:00:00.000609562,47.142952,39.514278
1970-01-01 00:00:00.000609572,47.142818,39.514767
1970-01-01 00:00:00.000609582,47.142677,39.515266
1970-01-01 00:00:00.000609592,47.142536,39.515774
1970-01-01 00:00:00.000609602,47.142403,39.516251
1970-01-01 00:00:00.000609612,47.14225,39.516743
1970-01-01 00:00:00.000609622,47.142101,39.517212
1970-01-01 00:00:00.000609632,47.14196,39.517685
1970-01-01 00:00:00.000609642,47.141815,39.518208
1970-01-01 00:00:00.000609652,47.14164,39.518677
1970-01-01 00:00:00.000609662,47.141487,39.51918
1970-01-01 00:00:00.000609672,47.141331,39.519592
1970-01-01 00:00:00.000609682,47.141171,39.519993
1970-01-01 00:00:00.000609692,47.141029,39.520401
1970-01-01 00:00:00.000609702,47.140862,39.521
1970-01-01 00:00:00.000609712,47.140694,39.521748
1970-01-01 00:00:00.000609722,47.140518,39.52224
1970-01-01 00:00:00.000609732,47.140327,39.52282
1970-01-01 00:00:00.000609742,47.140133,39.523071
1970-01-01 00:00:00.000609752,47.139919,39.523445
1970-01-01 00:00:00.000609762,47.139679,39.523651
1970-01-01 00:00:00.000609772,47.139477,39.523937
1970-01-01 00:00:00.000609782,47.139301,39.524525
1970-01-01 00:00:00.000609792,47.139145,39.525276
1970-01-01 00:00:00.000609802,47.139053,39.525612
1970-01-01 00:00:00.000609812,47.138985,39.526009
1970-01-01 00:00:00.000609822,47.138851,39.526501
1970-01-01 00:00:00.000609832,47.138554,39.527714
1970-01-01 00:00:00.000609842,47.138290000000005,39.52882
1970-01-01 00:00:00.000609852,47.138126,39.529644
1970-01-01 00:00:00.000609862,47.137943,39.530174
1970-01-01 00:00:00.000609872,47.137684,39.530640000000005
1970-01-01 00:00:00.000609882,47.137440000000005,39.530884
1970-01-01 00:00:00.000609892,47.137272,39.53138
1970-01-01 00:00:00.000609902,47.136925,39.53141
1970-01-01 00:00:00.000609912,47.136635,39.531807
1970-01-01 00:00:00.000609922,47.136433,39.532093
1970-01-01 00:00:00.000609932,47.136272,39.532364
1970-01-01 00:00:00.000609942,47.136131,39.53265
1970-01-01 00:00:00.000609952,47.136002000000005,39.533054
1970-01-01 00:00:00.000609962,47.135899,39.533516
1970-01-01 00:00:00.000609972,47.135803,39.533962
1970-01-01 00:00:00.000609982,47.135712,39.53447
1970-01-01 00:00:00.000609992,47.135628,39.534969
1970-01-01 00:00:00.000610002,47.135551,39.535507
1970-01-01 00:00:00.000610012,47.135475,39.535969
1970-01-01 00:00:00.000610022,47.135406,39.53643
1970-01-01 00:00:00.000610032,47.135353,39.536915
1970-01-01 00:00:00.000610042,47.135296,39.537418
1970-01-01 00:00:00.000610052,47.135235,39.537937
1970-01-01 00:00:00.000610062,47.13517,39.538445
1970-01-01 00:00:00.000610072,47.135117,39.538963
1970-01-01 00:00:00.000610082,47.135082,39.539486
1970-01-01 00:00:00.000610092,47.135048,39.539986
1970-01-01 00:00:00.000610102,47.135029,39.540504
1970-01-01 00:00:00.000610112,47.135033,39.541031
1970-01-01 00:00:00.000610122,47.135044,39.541561
1970-01-01 00:00:00.000610132,47.135071,39.542068
1970-01-01 00:00:00.000610142,47.135109,39.542576
1970-01-01 00:00:00.000610152,47.135155,39.543091
1970-01-01 00:00:00.000610162,47.135201,39.543602
1970-01-01 00:00:00.000610172,47.135254,39.544109000000006
1970-01-01 00:00:00.000610182,47.135319,39.544628
1970-01-01 00:00:00.000610192,47.135384,39.545139
1970-01-01 00:00:00.000610202,47.135452,39.545643
1970-01-01 00:00:00.000610212,47.13554,39.546135
1970-01-01 00:00:00.000610222,47.135647,39.546635
1970-01-01 00:00:00.000610232,47.135754,39.547134
1970-01-01 00:00:00.000610242,47.135864,39.547623
1970-01-01 00:00:00.000610252,47.136009,39.548096
1970-01-01 00:00:00.000610262,47.136192,39.548523
1970-01-01 00:00:00.000610272,47.136398,39.548916
1970-01-01 00:00:00.000610282,47.136608,39.549305
1970-01-01 00:00:00.000610292,47.136814,39.549686
1970-01-01 00:00:00.000610302,47.137028,39.550068
1970-01-01 00:00:00.000610312,47.13723,39.550457
1970-01-01 00:00:00.000610322,47.137440000000005,39.550854
1970-01-01 00:00:00.000610332,47.137669,39.551224
1970-01-01 00:00:00.000610342,47.13792,39.551579
1970-01-01 00:00:00.000610352,47.138172,39.551926
1970-01-01 00:00:00.000610362,47.138432,39.552265000000006
1970-01-01 00:00:00.000610372,47.138702,39.552605
1970-01-01 00:00:00.000610382,47.138973,39.55294
1970-01-01 00:00:00.000610392,47.139259,39.553265
1970-01-01 00:00:00.000610402,47.139542,39.553596
1970-01-01 00:00:00.000610412,47.139812,39.553932
1970-01-01 00:00:00.000610422,47.140076,39.554276
1970-01-01 00:00:00.000610432,47.140343,39.554623
1970-01-01 00:00:00.000610442,47.140587,39.554993
1970-01-01 00:00:00.000610452,47.140858,39.555328
1970-01-01 00:00:00.000610462,47.14114,39.555626
1970-01-01 00:00:00.000610472,47.141426,39.555889
1970-01-01 00:00:00.000610482,47.141739,39.556141
1970-01-01 00:00:00.000610492,47.14209,39.556412
1970-01-01 00:00:00.000610502,47.142406,39.556633000000005
1970-01-01 00:00:00.000610512,47.142731,39.556831
1970-01-01 00:00:00.000610522,47.143066,39.557022
1970-01-01 00:00:00.000610532,47.143402,39.557194
1970-01-01 00:00:00.000610542,47.143738,39.557358
1970-01-01 00:00:00.000610552,47.144077,39.557514000000005
1970-01-01 00:00:00.000610562,47.144432,39.557693
1970-01-01 00:00:00.000610572,47.144741,39.557865
1970-01-01 00:00:00.000610582,47.145107,39.558022
1970-01-01 00:00:00.000610592,47.145454,39.558197
1970-01-01 00:00:00.000610602,47.145809,39.558331
1970-01-01 00:00:00.000610612,47.146175,39.55846
1970-01-01 00:00:00.000610622,47.146511,39.55864
1970-01-01 00:00:00.000610632,47.146847,39.558762
1970-01-01 00:00:00.000610642,47.14719,39.558834
1970-01-01 00:00:00.000610652,47.147545,39.558876
1970-01-01 00:00:00.000610662,47.1479,39.558899
1970-01-01 00:00:00.000610672,47.148251,39.558865
1970-01-01 00:00:00.000610682,47.148594,39.5588
1970-01-01 00:00:00.000610692,47.148937,39.558716
1970-01-01 00:00:00.000610702,47.149277000000005,39.558636
1970-01-01 00:00:00.000610712,47.149628,39.558544
1970-01-01 00:00:00.000610722,47.149963,39.558449
1970-01-01 00:00:00.000610732,47.150288,39.558319
1970-01-01 00:00:00.000610742,47.150608,39.558167
1970-01-01 00:00:00.000610752,47.150928,39.55801
1970-01-01 00:00:00.000610762,47.151218,39.557858
1970-01-01 00:00:00.000610772,47.151539,39.557674
1970-01-01 00:00:00.000610782,47.151859,39.557476
1970-01-01 00:00:00.000610792,47.152203,39.557236
1970-01-01 00:00:00.000610802,47.152512,39.557003
1970-01-01 00:00:00.000610812,47.152828,39.556763
1970-01-01 00:00:00.000610822,47.153149,39.556519
1970-01-01 00:00:00.000610832,47.153461,39.556259
1970-01-01 00:00:00.000610842,47.153763,39.555984
1970-01-01 00:00:00.000610852,47.15406,39.555695
1970-01-01 00:00:00.000610862,47.154354,39.555397
1970-01-01 00:00:00.000610872,47.154659,39.555084
1970-01-01 00:00:00.000610882,47.154953000000006,39.554768
1970-01-01 00:00:00.000610892,47.155231,39.55444
1970-01-01 00:00:00.000610902,47.155499,39.554115
1970-01-01 00:00:00.000610912,47.155781,39.553768
1970-01-01 00:00:00.000610922,47.156044,39.55341
1970-01-01 00:00:00.000610932,47.156311,39.553097
1970-01-01 00:00:00.000610942,47.156563,39.552761
1970-01-01 00:00:00.000610952,47.156773,39.552387
1970-01-01 00:00:00.000610962,47.157028,39.552032
1970-01-01 00:00:00.000610972,47.157291,39.551678
1970-01-01 00:00:00.000610982,47.157574,39.55135
1970-01-01 00:00:00.000610992,47.157852,39.551029
1970-01-01 00:00:00.000611002,47.158119,39.550724
1970-01-01 00:00:00.000611012,47.158413,39.550449
1970-01-01 00:00:00.000611022,47.15871,39.550201
1970-01-01 00:00:00.000611032,47.159004,39.550125
1970-01-01 00:00:00.000611042,47.159294,39.550121
1970-01-01 00:00:00.000611052,47.15958,39.550175
1970-01-01 00:00:00.000611062,47.159863,39.550289
1970-01-01 00:00:00.000611072,47.160114,39.550339
1970-01-01 00:00:00.000611082,47.160412,39.550442
1970-01-01 00:00:00.000611092,47.160717,39.550583
1970-01-01 00:00:00.000611102,47.161003,39.550732
1970-01-01 00:00:00.000611112,47.161289,39.550907
1970-01-01 00:00:00.000611122,47.161575,39.551094
1970-01-01 00:00:00.000611132,47.16185,39.55127
1970-01-01 00:00:00.000611142,47.16217,39.551498
1970-01-01 00:00:00.000611152,47.162464,39.551712
1970-01-01 00:00:00.000611162,47.162762,39.551933
1970-01-01 00:00:00.000611172,47.163067,39.552162
1970-01-01 00:00:00.000611182,47.163372,39.552372
1970-01-01 00:00:00.000611192,47.163662,39.55257
1970-01-01 00:00:00.000611202,47.163948,39.552784
1970-01-01 00:00:00.000611212,47.164227,39.55302
1970-01-01 00:00:00.000611222,47.164501,39.553261
1970-01-01 00:00:00.000611232,47.164776,39.553516
1970-01-01 00:00:00.000611242,47.165043,39.553776
1970-01-01 00:00:00.000611252,47.16534,39.554047
1970-01-01 00:00:00.000611262,47.165627,39.554314
1970-01-01 00:00:00.000611272,47.165897,39.5546
1970-01-01 00:00:00.000611282,47.166157,39.554901
1970-01-01 00:00:00.000611292,47.166386,39.555237
1970-01-01 00:00:00.000611302,47.166599,39.555592
1970-01-01 00:00:00.000611312,47.166782,39.555984
1970-01-01 00:00:00.000611322,47.166935,39.5564
1970-01-01 00:00:00.000611332,47.16708,39.55682
1970-01-01 00:00:00.000611342,47.167221000000005,39.55724
1970-01-01 00:00:00.000611352,47.16737,39.557671
1970-01-01 00:00:00.000611362,47.167534,39.55809
1970-01-01 00:00:00.000611372,47.167728,39.55854
1970-01-01 00:00:00.000611382,47.167904,39.558994
1970-01-01 00:00:00.000611392,47.16806,39.559441
1970-01-01 00:00:00.000611402,47.168213,39.559883
1970-01-01 00:00:00.000611412,47.168358000000005,39.560295
1970-01-01 00:00:00.000611422,47.168499,39.560726
1970-01-01 00:00:00.000611432,47.168636,39.561157
1970-01-01 00:00:00.000611442,47.168781,39.561596
1970-01-01 00:00:00.000611452,47.168926,39.562046
1970-01-01 00:00:00.000611462,47.169067,39.562504
1970-01-01 00:00:00.000611472,47.169205,39.562965000000005
1970-01-01 00:00:00.000611482,47.16935,39.563431
1970-01-01 00:00:00.000611492,47.169502,39.563889
1970-01-01 00:00:00.000611502,47.169647,39.564362
1970-01-01 00:00:00.000611512,47.169781,39.564823
1970-01-01 00:00:00.000611522,47.169918,39.565292
1970-01-01 00:00:00.000611532,47.170059,39.565765
1970-01-01 00:00:00.000611542,47.170197,39.566227000000005
1970-01-01 00:00:00.000611552,47.17033,39.566692
1970-01-01 00:00:00.000611562,47.170464,39.567142
1970-01-01 00:00:00.000611572,47.170593,39.567596
1970-01-01 00:00:00.000611582,47.170719,39.568039
1970-01-01 00:00:00.000611592,47.170853,39.568504
1970-01-01 00:00:00.000611602,47.170963,39.568981
1970-01-01 00:00:00.000611612,47.171074,39.569431
1970-01-01 00:00:00.000611622,47.171181,39.569878
1970-01-01 00:00:00.000611632,47.171291,39.570316
1970-01-01 00:00:00.000611642,47.171406,39.570763
1970-01-01 00:00:00.000611652,47.171516,39.571178
1970-01-01 00:00:00.000611662,47.171627,39.571583
1970-01-01 00:00:00.000611672,47.171734,39.571987
1970-01-01 00:00:00.000611682,47.171841,39.572395
1970-01-01 00:00:00.000611692,47.17194,39.572788
1970-01-01 00:00:00.000611702,47.172035,39.573181
1970-01-01 00:00:00.000611712,47.172134,39.573578000000005
1970-01-01 00:00:00.000611722,47.172234,39.573975
1970-01-01 00:00:00.000611732,47.172337,39.574368
1970-01-01 00:00:00.000611742,47.172443,39.574764
1970-01-01 00:00:00.000611752,47.17255,39.575165000000005
1970-01-01 00:00:00.000611762,47.172653,39.575562
1970-01-01 00:00:00.000611772,47.172756,39.575966
1970-01-01 00:00:00.000611782,47.172871,39.576363
1970-01-01 00:00:00.000611792,47.172974,39.576756
1970-01-01 00:00:00.000611802,47.173073,39.577145
1970-01-01 00:00:00.000611812,47.173172,39.577545
1970-01-01 00:00:00.000611822,47.173271,39.577923
1970-01-01 00:00:00.000611832,47.173367,39.578312
1970-01-01 00:00:00.000611842,47.173462,39.578709
1970-01-01 00:00:00.000611852,47.173557,39.579098
1970-01-01 00:00:00.000611862,47.173653,39.579472
1970-01-01 00:00:00.000611872,47.173737,39.579876
1970-01-01 00:00:00.000611882,47.173809000000006,39.580288
1970-01-01 00:00:00.000611892,47.173874,39.5807
1970-01-01 00:00:00.000611902,47.173943,39.581089
1970-01-01 00:00:00.000611912,47.174007,39.581474
1970-01-01 00:00:00.000611922,47.174095,39.581863
1970-01-01 00:00:00.000611932,47.174175,39.582233
1970-01-01 00:00:00.000611942,47.174252,39.582626
1970-01-01 00:00:00.000611952,47.174332,39.583023
1970-01-01 00:00:00.000611962,47.174416,39.583439
1970-01-01 00:00:00.000611972,47.174492,39.583843
1970-01-01 00:00:00.000611982,47.174568,39.584244
1970-01-01 00:00:00.000611992,47.174641,39.584641
1970-01-01 00:00:00.000612002,47.174698,39.585026
1970-01-01 00:00:00.000612012,47.174778,39.585415000000005
1970-01-01 00:00:00.000612022,47.174858,39.585796
1970-01-01 00:00:00.000612032,47.174946000000006,39.586216
1970-01-01 00:00:00.000612042,47.175022,39.586613
1970-01-01 00:00:00.000612052,47.175102,39.587036
1970-01-01 00:00:00.000612062,47.175179,39.587433
1970-01-01 00:00:00.000612072,47.175259,39.587837
1970-01-01 00:00:00.000612082,47.175343,39.588245
1970-01-01 00:00:00.000612092,47.175426,39.588669
1970-01-01 00:00:00.000612102,47.175514,39.589104
1970-01-01 00:00:00.000612112,47.175598,39.589542
1970-01-01 00:00:00.000612122,47.17569,39.589981
1970-01-01 00:00:00.000612132,47.175774,39.590412
1970-01-01 00:00:00.000612142,47.175865,39.590836
1970-01-01 00:00:00.000612152,47.175957,39.591267
1970-01-01 00:00:00.000612162,47.176052,39.591705
1970-01-01 00:00:00.000612172,47.176147,39.59211
1970-01-01 00:00:00.000612182,47.176247,39.592602
1970-01-01 00:00:00.000612192,47.176342,39.593052
1970-01-01 00:00:00.000612202,47.176418,39.593483
1970-01-01 00:00:00.000612212,47.176495,39.593922
1970-01-01 00:00:00.000612222,47.176563,39.594349
1970-01-01 00:00:00.000612232,47.17664,39.594799
1970-01-01 00:00:00.000612242,47.176712,39.595253
1970-01-01 00:00:00.000612252,47.176785,39.595699
1970-01-01 00:00:00.000612262,47.176853,39.596149
1970-01-01 00:00:00.000612272,47.176926,39.596615
1970-01-01 00:00:00.000612282,47.176987,39.59705
1970-01-01 00:00:00.000612292,47.177055,39.597481
1970-01-01 00:00:00.000612302,47.177116,39.5979
1970-01-01 00:00:00.000612312,47.177185,39.598316
1970-01-01 00:00:00.000612322,47.177261,39.598782
1970-01-01 00:00:00.000612332,47.17733,39.599228
1970-01-01 00:00:00.000612342,47.177414,39.599686
1970-01-01 00:00:00.000612352,47.177494,39.600159000000005
1970-01-01 00:00:00.000612362,47.177559,39.600636
1970-01-01 00:00:00.000612372,47.177635,39.601082
1970-01-01 00:00:00.000612382,47.177731,39.601624
1970-01-01 00:00:00.000612392,47.177799,39.602089
1970-01-01 00:00:00.000612402,47.177853000000006,39.602562
1970-01-01 00:00:00.000612412,47.177952000000005,39.602978
1970-01-01 00:00:00.000612422,47.178051,39.603451
1970-01-01 00:00:00.000612432,47.178108,39.604
1970-01-01 00:00:00.000612442,47.178185,39.604446
1970-01-01 00:00:00.000612452,47.178257,39.604855
1970-01-01 00:00:00.000612462,47.178375,39.605289
1970-01-01 00:00:00.000612472,47.178478000000005,39.605587
1970-01-01 00:00:00.000612482,47.178532,39.605953
1970-01-01 00:00:00.000612492,47.178593,39.606224
1970-01-01 00:00:00.000612502,47.178642,39.606514
1970-01-01 00:00:00.000612512,47.178406,39.606281
1970-01-01 00:00:00.000612522,47.17873,39.606743
1970-01-01 00:00:00.000612532,47.178894,39.607239
1970-01-01 00:00:00.000612542,47.178883,39.60743
1970-01-01 00:00:00.000612552,47.179066,39.607929
1970-01-01 00:00:00.000612562,47.179104,39.608307
1970-01-01 00:00:00.000612572,47.179283,39.608749
1970-01-01 00:00:00.000612582,47.179302,39.609112
1970-01-01 00:00:00.000612592,47.179272,39.609409
1970-01-01 00:00:00.000612602,47.17926,39.609638
1970-01-01 00:00:00.000612612,47.179241,39.609844
1970-01-01 00:00:00.000612622,47.179298,39.610054
1970-01-01 00:00:00.000612632,47.179363,39.610302
1970-01-01 00:00:00.000612642,47.179478,39.610672
1970-01-01 00:00:00.000612652,47.17955,39.610989
1970-01-01 00:00:00.000612662,47.179604,39.611237
1970-01-01 00:00:00.000612672,47.179657,39.61142
1970-01-01 00:00:00.000612682,47.179779,39.611732
1970-01-01 00:00:00.000612692,47.179874,39.612091
1970-01-01 00:00:00.000612702,47.179928,39.612411
1970-01-01 00:00:00.000612712,47.18,39.61272
1970-01-01 00:00:00.000612722,47.18008,39.613003000000006
1970-01-01 00:00:00.000612732,47.180138,39.613255
1970-01-01 00:00:00.000612742,47.180141,39.613487
1970-01-01 00:00:00.000612752,47.180153,39.613647
1970-01-01 00:00:00.000612762,47.18018,39.613808
1970-01-01 00:00:00.000612772,47.18021,39.613953
1970-01-01 00:00:00.000612782,47.180279,39.614151
